Acura,CL
Acura,Integra
Acura,Legend
Acura,MDX
Acura,NSX
Acura,RDX
Acura,RL
Acura,RSX
Acura,SLX
Acura,TL
Acura,TSX
Acura,Vigor
Acura,ZDX
AlfaRomeo,164
AlfaRomeo,Spider
Aptera,2e
Aptera,Typ-1
Aptera,Type-1h
AstonMartin,DB9
AstonMartin,DB9Volante
AstonMartin,DBS
AstonMartin,Rapide
AstonMartin,V12Vantage
AstonMartin,V8Vantage
AstonMartin,V8VantageS
AstonMartin,VanquishS
AstonMartin,Vantage
AstonMartin,Virage
Audi,80
Audi,90
Audi,100
Audi,200
Audi,4000
Audi,4000CSQuattro
Audi,4000s
Audi,4000sQuattro
Audi,5000CS
Audi,5000CSQuattro
Audi,5000S
Audi,80/90
Audi,A3
Audi,A4
Audi,A5
Audi,A6
Audi,A7
Audi,A8
Audi,Allroad
Audi,Cabriolet
Audi,CoupeGT
Audi,CoupeQuattro
Audi,Q5
Audi,Q7
Audi,Quattro
Audi,R8
Audi,riolet
Audi,RS4
Audi,RS6
Audi,S4
Audi,S5
Audi,S6
Audi,S8
Audi,TT
Audi,V8
Austin,Mini
Austin,MiniCooper
Austin,MiniCooperS
Bentley,Arnage
Bentley,Azure
Bentley,AzureT
Bentley,Brooklands
Bentley,Continental
Bentley,ContinentalFlyingSpur
Bentley,ContinentalGT
Bentley,ContinentalGTC
Bentley,ContinentalSuper
Bentley,Mulsanne
BMW,325
BMW,330
BMW,525
BMW,530
BMW,545
BMW,550
BMW,600
BMW,645
BMW,650
BMW,745
BMW,750
BMW,760
BMW,1Series
BMW,3Series
BMW,5Series
BMW,6Series
BMW,7Series
BMW,8Series
BMW,AlpinaB7
BMW,BMW
BMW,BMWZ4
BMW,M
BMW,M3
BMW,M5
BMW,M6
BMW,MRoadster
BMW,X3
BMW,X5
BMW,X5M
BMW,X6
BMW,X6M
BMW,Z3
BMW,Z4
BMW,Z4M
BMW,Z4MRoadster
BMW,Z8
BMW745,BMW
BMWX5,BMW
BMWZ4,BMW
Bugatti,Veyron
Buick,Century
Buick,Coachbuilder
Buick,Electra
Buick,Enclave
Buick,Estate
Buick,Hearse
Buick,LaCrosse
Buick,LeSabre
Buick,Lucerne
Buick,ParkAvenue
Buick,Rainier
Buick,Reatta
Buick,Regal
Buick,Rendezvous
Buick,Riviera
Buick,Roadmaster
Buick,Skyhawk
Buick,Skylark
Buick,Somerset
Buick,Special
Buick,Terraza
Buick,Verano
Cadillac,Allante
Cadillac,Brougham
Cadillac,Catera
Cadillac,CTS
Cadillac,CTS-V
Cadillac,DeVille
Cadillac,DTS
Cadillac,Eldorado
Cadillac,Escalade
Cadillac,EscaladeESV
Cadillac,EscaladeEXT
Cadillac,Fleetwood
Cadillac,Seville
Cadillac,SixtySpecial
Cadillac,SRX
Cadillac,STS
Cadillac,STS-V
Cadillac,XLR
Cadillac,XLR-V
Chevrolet,1500
Chevrolet,2500
Chevrolet,3500
Chevrolet,APV
Chevrolet,Astro
Chevrolet,Avalanche
Chevrolet,Avalanche1500
Chevrolet,Avalanche2500
Chevrolet,Aveo
Chevrolet,BelAir
Chevrolet,Beretta
Chevrolet,Blazer
Chevrolet,Camaro
Chevrolet,Caprice
Chevrolet,CapriceClassic
Chevrolet,Cavalier
Chevrolet,Citation
Chevrolet,Classic
Chevrolet,Cobalt
Chevrolet,CobaltSS
Chevrolet,Colorado
Chevrolet,Corsica
Chevrolet,Corvair
Chevrolet,Corvair500
Chevrolet,Corvette
Chevrolet,Cruze
Chevrolet,Equinox
Chevrolet,Express
Chevrolet,Express1500
Chevrolet,Express2500
Chevrolet,Express3500
Chevrolet,G-Series1500
Chevrolet,G-Series2500
Chevrolet,G-Series3500
Chevrolet,G-SeriesG10
Chevrolet,G-SeriesG20
Chevrolet,G-SeriesG30
Chevrolet,HHR
Chevrolet,HHRPanel
Chevrolet,Impala
Chevrolet,ImpalaSS
Chevrolet,K5Blazer
Chevrolet,Lumina
Chevrolet,LuminaAPV
Chevrolet,LUV
Chevrolet,Malibu
Chevrolet,MalibuMaxx
Chevrolet,Metro
Chevrolet,MonteCarlo
Chevrolet,Monza
Chevrolet,Prizm
Chevrolet,S10
Chevrolet,S10Blazer
Chevrolet,Silverado
Chevrolet,Silverado1500
Chevrolet,Silverado2500
Chevrolet,Silverado3500
Chevrolet,Silverado3500HD
Chevrolet,SilveradoHybrid
Chevrolet,Sonic
Chevrolet,SportvanG10
Chevrolet,SportvanG20
Chevrolet,SportvanG30
Chevrolet,SSR
Chevrolet,Suburban
Chevrolet,Suburban1500
Chevrolet,Suburban2500
Chevrolet,Tahoe
Chevrolet,Tracker
Chevrolet,Trailblazer
Chevrolet,Traverse
Chevrolet,Uplander
Chevrolet,Vega
Chevrolet,Venture
Chevrolet,Volt
Chrysler,200
Chrysler,300
Chrysler,300C
Chrysler,300M
Chrysler,Aspen
Chrysler,Cirrus
Chrysler,Concorde
Chrysler,Crossfire
Chrysler,CrossfireRoadster
Chrysler,FifthAve
Chrysler,GrandVoyager
Chrysler,Imperial
Chrysler,LeBaron
Chrysler,LHS
Chrysler,NewYorker
Chrysler,Pacifica
Chrysler,Prowler
Chrysler,PTCruiser
Chrysler,Sebring
Chrysler,Town&Country
Chrysler,Voyager
ChryslerGroupLLC,300
ChryslerGroupLLC,300M
ChryslerGroupLLC,Aspen
ChryslerGroupLLC,Crossfire
ChryslerGroupLLC,Pacifica
ChryslerGroupLLC,PTCruiser
Citro?n,2CV
Citro?n,CX
Citro?n,SM
Corbin,Sparrow
Daewoo,Lanos
Daewoo,Leganza
Daewoo,Nubira
Daihatsu,Charade
Daihatsu,Rocky
Defender,IceEdition
Dodge,Aries
Dodge,Aspen
Dodge,Avenger
Dodge,Caliber
Dodge,Caravan
Dodge,Challenger
Dodge,Charger
Dodge,Colt
Dodge,D150
Dodge,D150Club
Dodge,D250
Dodge,D250Club
Dodge,D350
Dodge,D350Club
Dodge,Dakota
Dodge,DakotaClub
Dodge,Daytona
Dodge,Durango
Dodge,Dynasty
Dodge,GrandCaravan
Dodge,Intrepid
Dodge,Journey
Dodge,Magnum
Dodge,Monaco
Dodge,Neon
Dodge,Nitro
Dodge,Omni
Dodge,Ram
Dodge,Ram1500
Dodge,Ram1500Club
Dodge,Ram2500
Dodge,Ram2500Club
Dodge,Ram3500
Dodge,Ram3500Club
Dodge,Ram50
Dodge,Ramcharger
Dodge,RamVan1500
Dodge,RamVan2500
Dodge,RamVan3500
Dodge,RamVanB150
Dodge,RamVanB250
Dodge,RamVanB350
Dodge,RamWagonB150
Dodge,RamWagonB250
Dodge,RamWagonB350
Dodge,Shadow
Dodge,Spirit
Dodge,Sprinter
Dodge,Stealth
Dodge,Stratus
Dodge,Viper
Dodge,ViperRT/10
Eagle,Premier
Eagle,Summit
Eagle,Talon
Eagle,Vision
Fairthorpe,Rockette
Ferrari,430Scuderia
Ferrari,458Italia
Ferrari,599GTBFiorano
Ferrari,612Scaglietti
Ferrari,California
Ferrari,F430
Ferrari,F430Spider
Ferrari,FF
FIAT,500
Fiat,Nuova500
Fillmore,Fillmore,Galant
Foose,Hemisfear
Ford,Aerostar
Ford,Aspire
Ford,Bronco
Ford,BroncoII
Ford,ClubWagon
Ford,C-MAXHybrid
Ford,Contour
Ford,Country
Ford,Courier
Ford,CrownVictoria
Ford,E150
Ford,E250
Ford,E350
Ford,E-350SuperDuty
Ford,E-350SuperDutyVan
Ford,EconolineE150
Ford,EconolineE250
Ford,EconolineE350
Ford,Edge
Ford,Escape
Ford,Escort
Ford,EscortZX2
Ford,E-Series
Ford,Excursion
Ford,EXP
Ford,Expedition
Ford,ExpeditionEL
Ford,Explorer
Ford,ExplorerSport
Ford,ExplorerSportTrac
Ford,F150
Ford,F250
Ford,F-250SuperDuty
Ford,F350
Ford,F-350SuperDuty
Ford,F450
Ford,Fairlane
Ford,Falcon
Ford,Festiva
Ford,Fiesta
Ford,FiveHundred
Ford,Flex
Ford,Focus
Ford,FocusST
Ford,Freestar
Ford,Freestyle
Ford,F-Series
Ford,F-SeriesSuperDuty
Ford,Fusion
Ford,Galaxie
Ford,GT
Ford,GT500
Ford,Laser
Ford,Lightning
Ford,LTD
Ford,LTDCrownVictoria
Ford,ModelT
Ford,Mustang
Ford,Probe
Ford,Ranger
Ford,Taurus
Ford,TaurusX
Ford,Tempo
Ford,Th!nk
Ford,Thunderbird
Ford,Torino
Ford,TransitConnect
Ford,Windstar
Ford,ZX2
FordMotorCompany,Aerostar
FordMotorCompany,Aspire
FordMotorCompany,Contour
FordMotorCompany,CrownVictoria
FordMotorCompany,Escort
FordMotorCompany,E-Series
FordMotorCompany,Expedition
FordMotorCompany,Explorer
FordMotorCompany,Focus
FordMotorCompany,F-Series
FordMotorCompany,Mustang
FordMotorCompany,Probe
FordMotorCompany,Ranger
FordMotorCompany,Taurus
FordMotorCompany,Thunderbird
FordMotorCompany,Windstar
Geo,Metro
Geo,Prizm
Geo,Storm
Geo,Tracker
GMC,1500
GMC,2500
GMC,3500
GMC,1500ClubCoupe
GMC,2500ClubCoupe
GMC,3500ClubCoupe
GMC,Acadia
GMC,Canyon
GMC,Envoy
GMC,EnvoyXL
GMC,EnvoyXUV
GMC,EV1
GMC,Jimmy
GMC,RallyWagon1500
GMC,RallyWagon2500
GMC,RallyWagon3500
GMC,RallyWagonG2500
GMC,RallyWagonG3500
GMC,Safari
GMC,Savana
GMC,Savana1500
GMC,Savana2500
GMC,Savana3500
GMC,SavanaCargoVan
GMC,Sierra
GMC,Sierra1500
GMC,Sierra2500
GMC,Sierra2500HD
GMC,Sierra3500
GMC,Sierra3500HD
GMC,SierraDenali
GMC,SierraHybrid
GMC,Sonoma
GMC,SonomaClub
GMC,SonomaClubCoupe
GMC,Suburban1500
GMC,Suburban2500
GMC,Terrain
GMC,Vandura1500
GMC,Vandura2500
GMC,Vandura3500
GMC,VanduraG1500
GMC,VanduraG2500
GMC,VanduraG3500
GMC,Yukon
GMC,YukonDenali
GMC,YukonXL
GMC,YukonXL1500
GMC,YukonXL2500
Hillman,MinxMagnificent
Holden,Monaro
Holden,VSCommodore
Honda,Accord
Honda,AccordCrosstour
Honda,Civic
Honda,CivicGX
Honda,CivicSi,Countach
Honda,Crosstour
Honda,CR-V
Honda,CR-X
Honda,CR-Z
Honda,delSol
Honda,Element
Honda,FCXClarity
Honda,Fit
Honda,Insight
Honda,Odyssey
Honda,Passport
Honda,Pilot
Honda,Prelude
Honda,Ridgeline
Honda,S2000
HUMMER,H1
HUMMER,H2
Hummer,H2SUT
Hummer,H2SUV
Hummer,H3
HUMMER,H3T
Hyundai,Accent
Hyundai,Azera
Hyundai,Elantra
Hyundai,Entourage
Hyundai,Equus
Hyundai,Excel
Hyundai,Genesis
Hyundai,GenesisCoupe
Hyundai,HED-5
Hyundai,SantaFe
Hyundai,Scoupe
Hyundai,Sonata
Hyundai,Tiburon
Hyundai,Tucson
Hyundai,Veloster
Hyundai,Veracruz
Hyundai,XG300
Hyundai,XG350
Infiniti,EX
Infiniti,FX
Infiniti,G
Infiniti,G25
Infiniti,G35
Infiniti,G37
Infiniti,I
Infiniti,IPLG
Infiniti,J
Infiniti,JX
Infiniti,M
Infiniti,Q
Infiniti,QX
Infiniti,QX56
Isuzu,Amigo
Isuzu,Ascender
Isuzu,Axiom
Isuzu,Hombre
Isuzu,HombreSpace
Isuzu,i-280
Isuzu,i-290
Isuzu,i-350
Isuzu,i-370
Isuzu,Impulse
Isuzu,i-Series
Isuzu,Oasis
Isuzu,Rodeo
Isuzu,RodeoSport
Isuzu,Space
Isuzu,Stylus
Isuzu,Trooper
Isuzu,VehiCROSS
Jaguar,S-Type
Jaguar,XF
Jaguar,XJ
Jaguar,XJSeries
Jaguar,XK
Jaguar,XKSeries
Jaguar,X-Type
Jeep,Cherokee
Jeep,Comanche
Jeep,Commander
Jeep,Compass
Jeep,GrandCherokee
Jeep,Liberty
Jeep,Patriot
Jeep,Wrangler
Jensen,Interceptor
Kia,Amanti
Kia,Borrego
Kia,Carens
Kia,Forte
Kia,Mentor
Kia,Mohave/Borrego
Kia,Optima
Kia,Rio
Kia,Rio5
Kia,Rondo
Kia,Sedona
Kia,Sephia
Kia,Sorento
Kia,Soul
Kia,Spectra
Kia,Spectra5
Kia,Sportage
Lamborghini,Aventador
Lamborghini,Countach
Lamborghini,Coupé
Lamborghini,Diablo
Lamborghini,Gallardo
Lamborghini,Murcielago
Lamborghini,Murciélago
Lamborghini,MurcielagoLP640
Lamborghini,Reventón
LandRover,Defender
LandRover,Defender110
LandRover,Defender90
LandRover,Discovery
LandRover,DiscoverySeriesII
LandRover,Freelander
LandRover,LR2
LandRover,LR3
LandRover,LR4
LandRover,RangeRover
LandRover,RangeRoverClassic
LandRover,RangeRoverEvoque
LandRover,RangeRoverSport
LandRover,Sterling
Lexus,CT
Lexus,ES
Lexus,GS
Lexus,GX
Lexus,HS
Lexus,IS
Lexus,ISF
Lexus,IS-F
Lexus,LFA
Lexus,LS
Lexus,LSHybrid
Lexus,LX
Lexus,RX
Lexus,RXHybrid
Lexus,SC
Lincoln,Aviator
Lincoln,Blackwood
Lincoln,Continental
Lincoln,ContinentalMarkVII
Lincoln,LS
Lincoln,MarkLT
Lincoln,MarkVII
Lincoln,MarkVIII
Lincoln,MKS
Lincoln,MKT
Lincoln,MKX
Lincoln,MKZ
Lincoln,Navigator
Lincoln,NavigatorL
Lincoln,TownCar
Lincoln,Zephyr
Lotus,Elise
Lotus,EspritTurbo
Lotus,Evora
Lotus,Exige
Lotus,ExigeS
LotusCars,Elan
LotusCars,Elise
LotusCars,Esprit
LotusCars,Exige
Maserati,228
Maserati,430
Maserati,Biturbo
Maserati,Coupe
Maserati,GranSport
Maserati,GranTurismo
Maserati,Karif
Maserati,Quattroporte
Maserati,Spyder
Maybach,57
Maybach,62
Maybach,57S
Maybach,Landaulet
Mazda,323
Mazda,626
Mazda,929
Mazda,B2000
Mazda,B2500
Mazda,B2600
Mazda,B-Series
Mazda,B-SeriesPlus
Mazda,CX-5
Mazda,CX-7
Mazda,CX-9
Mazda,Familia
Mazda,GLC
Mazda,Mazda2
Mazda,Mazda3
Mazda,Mazda5
Mazda,Mazda6
Mazda,Mazda65-Door
Mazda,Mazda6Sport
Mazda,MazdaMX-6
Mazda,Mazdaspeed3
Mazda,Mazdaspeed6
Mazda,MiataMX-5
Mazda,Millenia
Mazda,MPV
Mazda,MX-3
Mazda,MX-5
Mazda,MX-6
Mazda,Navajo
Mazda,Protege
Mazda,Protege5
Mazda,RX-7
Mazda,RX-8
Mazda,Tribute
McLaren,MP4-12C
Mercedes-Benz,190E
Mercedes-Benz,300CE
Mercedes-Benz,300D
Mercedes-Benz,300E
Mercedes-Benz,300SD
Mercedes-Benz,300SE
Mercedes-Benz,300SL
Mercedes-Benz,300TE
Mercedes-Benz,400E
Mercedes-Benz,400SE
Mercedes-Benz,400SEL
Mercedes-Benz,500E
Mercedes-Benz,500SEC
Mercedes-Benz,500SEL
Mercedes-Benz,500SL
Mercedes-Benz,600SEC
Mercedes-Benz,600SEL
Mercedes-Benz,600SL
Mercedes-Benz,C-Class
Mercedes-Benz,CL65AMG
Mercedes-Benz,CL-Class
Mercedes-Benz,CLK-Class
Mercedes-Benz,CLS-Class
Mercedes-Benz,E-Class
Mercedes-Benz,G55AMG
Mercedes-Benz,G-Class
Mercedes-Benz,GL-Class
Mercedes-Benz,GLK-Class
Mercedes-Benz,M-Class
Mercedes-Benz,R-Class
Mercedes-Benz,S-Class
Mercedes-Benz,SL65AMG
Mercedes-Benz,SL-Class
Mercedes-Benz,SLK55AMG
Mercedes-Benz,SLK-Class
Mercedes-Benz,SLRMcLaren
Mercedes-Benz,SLSAMG
Mercedes-Benz,SLS-Class
Mercedes-Benz,Sprinter
Mercedes-Benz,Sprinter2500
Mercedes-Benz,Sprinter3500
Mercedes-Benz,W123
Mercedes-Benz,W126
Mercedes-Benz,W201
Mercury,Capri
Mercury,Cougar
Mercury,GrandMarquis
Mercury,Lynx
Mercury,Marauder
Mercury,Mariner
Mercury,Marquis
Mercury,Milan
Mercury,Montego
Mercury,Monterey
Mercury,Mountaineer
Mercury,Mystique
Mercury,Sable
Mercury,Topaz
Mercury,Tracer
Mercury,Villager
Merkur,XR4Ti
MG,MGB
MINI,Clubman
MINI,Cooper
MINI,CooperClubman
MINI,CooperCountryman
MINI,Countryman
MINI,MINI
Mitsubishi,3000GT
Mitsubishi,Challenger
Mitsubishi,Chariot
Mitsubishi,Cordia
Mitsubishi,Diamante
Mitsubishi,Eclipse
Mitsubishi,Endeavor
Mitsubishi,Excel
Mitsubishi,Expo
Mitsubishi,ExpoLRV
Mitsubishi,Galant
Mitsubishi,GTO
Mitsubishi,i-MiEV
Mitsubishi,L300
Mitsubishi,Lancer
Mitsubishi,LancerEvolution
Mitsubishi,MightyMax
Mitsubishi,MightyMaxMacro
Mitsubishi,Mirage
Mitsubishi,Mitsubishi
Mitsubishi,Montero
Mitsubishi,MonteroSport
Mitsubishi,Outlander
Mitsubishi,OutlanderSport
Mitsubishi,Pajero
Mitsubishi,Precis
Mitsubishi,Raider
Mitsubishi,RVR
Mitsubishi,Sigma
Mitsubishi,Space
Mitsubishi,Starion
Mitsubishi,Tredia
Mitsubishi,Truck
Mitsubishi,Tundra
MitsubishiMotors,Outlander
Morgan,Aero8
Nissan,200SX
Nissan,240SX
Nissan,280ZX
Nissan,300ZX
Nissan,350Z
Nissan,350ZRoadster
Nissan,370Z
Nissan,Altima
Nissan,Armada
Nissan,Cube
Nissan,Datsun/NissanZ-car
Nissan,Frontier
Nissan,GT-R
Nissan,JUKE
Nissan,Leaf
Nissan,Maxima
Nissan,Murano
Nissan,NV1500
Nissan,NV2500
Nissan,NV3500
Nissan,NX
Nissan,Pathfinder
Nissan,PathfinderArmada
Nissan,Quest
Nissan,Rogue
Nissan,Sentra
Nissan,Stanza
Nissan,Titan
Nissan,Versa
Nissan,Xterra
Oldsmobile,88
Oldsmobile,98
Oldsmobile,Achieva
Oldsmobile,Alero
Oldsmobile,Aurora
Oldsmobile,Bravada
Oldsmobile,Ciera
Oldsmobile,CustomCruiser
Oldsmobile,Cutlass
Oldsmobile,CutlassCruiser
Oldsmobile,CutlassSupreme
Oldsmobile,Intrigue
Oldsmobile,LSS
Oldsmobile,Regency
Oldsmobile,Silhouette
Oldsmobile,Toronado
Panoz,Esperante
Peugeot,207
Plymouth,Acclaim
Plymouth,Breeze
Plymouth,Colt
Plymouth,ColtVista
Plymouth,Fury
Plymouth,GrandVoyager
Plymouth,Horizon
Plymouth,Laser
Plymouth,Neon
Plymouth,Prowler
Plymouth,Reliant
Plymouth,Roadrunner
Plymouth,Sundance
Plymouth,Volare
Plymouth,Voyager
Pontiac,1000
Pontiac,6000
Pontiac,Aztek
Pontiac,Bonneville
Pontiac,Chevette
Pontiac,DaewooKalos
Pontiac,Fiero
Pontiac,Firebird
Pontiac,FirebirdFormula
Pontiac,FirebirdTransAm
Pontiac,Firefly
Pontiac,G3
Pontiac,G5
Pontiac,G6
Pontiac,G8
Pontiac,Gemini
Pontiac,GrandAm
Pontiac,GrandPrix
Pontiac,GrandPrixTurbo
Pontiac,GTO
Pontiac,LeMans
Pontiac,Montana
Pontiac,MontanaSV6
Pontiac,Monterey
Pontiac,Parisienne
Pontiac,Safari
Pontiac,Solstice
Pontiac,Sunbird
Pontiac,Sunfire
Pontiac,Tempest
Pontiac,Torrent
Pontiac,TransSport
Pontiac,TurboFirefly
Pontiac,Vibe
Porsche,911
Porsche,914
Porsche,924
Porsche,928
Porsche,944
Porsche,968
Porsche,924S
Porsche,Boxster
Porsche,CarreraGT
Porsche,Cayenne
Porsche,Cayman
Porsche,Mitsubishi
Porsche,Panamera
Ram,1500
Ram,2500
Ram,3500
Ram,C/V
Ram,Dakota
Rambler,Classic
Renault,Alliance
Rolls-Royce,Ghost
Rolls-Royce,Phantom
Saab,900
Saab,9000
Saab,9月3日
Saab,9月5日
Saab,9-2X
Saab,9-4X
Saab,9-7X
Saturn,Astra
Saturn,Aura
Saturn,Ion
Saturn,L-Series
Saturn,Outlook
Saturn,Relay
Saturn,Sky
Saturn,S-Series
Saturn,VUE
Scion,FR-S
Scion,iQ
Scion,tC
Scion,xA
Scion,xB
Scion,xD
Shelby,GT350
Shelby,GT500
Smart,Fortwo
Spyker,C8Double12S
Spyker,C8Laviolette
Spyker,C8Spyder
Spyker,C8SpyderWideBody
SpykerCars,C8
Studebaker,Avanti
Subaru,AlcyoneSVX
Subaru,B9Tribeca,MX-6
Subaru,Baja
Subaru,Brat
Subaru,BRZ
Subaru,Forester
Subaru,Impreza
Subaru,ImprezaWRX
Subaru,Justy
Subaru,Legacy
Subaru,Leone
Subaru,Loyale
Subaru,Outback
Subaru,OutbackSport
Subaru,SVX
Subaru,Tribeca
Subaru,XT
Suzuki,Aerio
Suzuki,Cultus
Suzuki,DaewooLacetti
Suzuki,DaewooMagnus
Suzuki,Equator
Suzuki,Esteem
Suzuki,Forenza
Suzuki,GrandVitara
Suzuki,Kizashi
Suzuki,Reno
Suzuki,Samurai
Suzuki,Sidekick
Suzuki,SJ
Suzuki,SJ410
Suzuki,Swift
Suzuki,SX4
Suzuki,Verona
Suzuki,Vitara
Suzuki,X-90
Suzuki,XL7
Suzuki,XL-7
SuzukiMotorCorporation,GrandVitara
Tesla,ModelS
Tesla,Roadster
Toyota,4Runner
Toyota,Avalon
Toyota,Camry
Toyota,CamryHybrid
Toyota,CamrySolara
Toyota,Celica
Toyota,Corolla
Toyota,Cressida
Toyota,Echo
Toyota,FJCruiser
Toyota,Highlander
Toyota,HighlanderHybrid
Toyota,Ipsum
Toyota,LandCruiser
Toyota,Matrix
Toyota,MR2
Toyota,Paseo
Toyota,Previa
Toyota,Prius
Toyota,Priusc
Toyota,PriusPlug-in
Toyota,PriusPlug-inHybrid
Toyota,Priusv
Toyota,RAV4
Toyota,Sequoia
Toyota,Sienna
Toyota,Solara
Toyota,Supra
Toyota,T100
Toyota,T100Xtra
Toyota,Tacoma
Toyota,TacomaXtra
Toyota,Tercel
Toyota,TruckXtracabSR5
Toyota,Tundra
Toyota,TundraMax
Toyota,Venza
Toyota,Xtra
Toyota,Yaris
Volkswagen,Beetle
Volkswagen,Cabriolet
Volkswagen,CC
Volkswagen,Corrado
Volkswagen,Eos
Volkswagen,Eurovan
Volkswagen,Fox
Volkswagen,GLI
Volkswagen,Golf
Volkswagen,GolfIII
Volkswagen,GTI
Volkswagen,Jetta
Volkswagen,JettaIII
Volkswagen,NewBeetle
Volkswagen,Passat
Volkswagen,Phaeton
Volkswagen,Quantum
Volkswagen,R32
Volkswagen,Rabbit
Volkswagen,rio
Volkswagen,riolet
Volkswagen,Routan
Volkswagen,Scirocco
Volkswagen,Tiguan
Volkswagen,Touareg
Volkswagen,Touareg2
Volkswagen,Type2
Volkswagen,Vanagon
Volvo,240
Volvo,740
Volvo,850
Volvo,940
Volvo,960
Volvo,C30
Volvo,C70
Volvo,S40
Volvo,S60
Volvo,S70
Volvo,S80
Volvo,S90
Volvo,V40
Volvo,V50
Volvo,V70
Volvo,V90
Volvo,XC60
Volvo,XC70
Volvo,XC90