link,title
/,2002 Chevy Cavalier 106 k Great little car
/,2002 Chevy Cavalier 106 k Great little car
/,2002 Chevy Cavalier 106 k Great little car
/,2002 Chevy Cavalier 106 k Great little car
/,2002 Chevy Cavalier 106 k Great little car
/,2002 Chevy Cavalier 106 k Great little car
/,2002 Chevy Cavalier 106 k Great little car
/,2002 Chevy Cavalier 106 k Great little car
/,2002 Chevy Cavalier 106 k Great little car
/,2002 Chevy Cavalier 106 k Great little car
/,2002 Chevy Cavalier 106 k Great little car
/,2002 Chevy Cavalier 106 k Great little car
/,2002 Chevy Cavalier 106 k Great little car
/,2002 Chevy Cavalier 106 k Great little car
/,2002 Chevy Cavalier 106 k Great little car
/,2002 Chevy Cavalier 106 k Great little car
/,2002 Chevy Cavalier 106 k Great little car
/,2002 Chevy Cavalier 106 k Great little car
/,2002 Chevy Cavalier 106 k Great little car
/,2002 Chevy Cavalier 106 k Great little car
/,2002 Chevy Cavalier 106 k Great little car
/,2002 Chevy Cavalier 106 k Great little car
/,2002 Chevy Cavalier 106 k Great little car
/,2002 Chevy Cavalier 106 k Great little car
/,2002 Chevy Cavalier 106 k Great little car
/,2002 Chevy Cavalier 106 k Great little car
/,2002 Chevy Cavalier 106 k Great little car
/,2002 Chevy Cavalier 106 k Great little car
/,2002 Chevy Cavalier 106 k Great little car
/,2002 Chevy Cavalier 106 k Great little car
/,2002 Chevy Cavalier 106 k Great little car
/,2002 Chevy Cavalier 106 k Great little car
/,2002 Chevy Cavalier 106 k Great little car
/,2002 Chevy Cavalier 106 k Great little car
/,2002 Chevy Cavalier 106 k Great little car
/,2002 Chevy Cavalier 106 k Great little car
/,2002 Chevy Cavalier 106 k Great little car
/,2002 Chevy Cavalier 106 k Great little car
/,2002 Chevy Cavalier 106 k Great little car
/,2002 Chevy Cavalier 106 k Great little car
/,2002 Chevy Cavalier 106 k Great little car
/,2002 Chevy Cavalier 106 k Great little car
/,2002 Chevy Cavalier 106 k Great little car
/,2002 Chevy Cavalier 106 k Great little car
/,2002 Chevy Cavalier 106 k Great little car
/,2002 Chevy Cavalier 106 k Great little car
/,2002 Chevy Cavalier 106 k Great little car
/,2002 Chevy Cavalier 106 k Great little car
/,2002 Chevy Cavalier 106 k Great little car
/,2002 Chevy Cavalier 106 k Great little car
/,2002 Chevy Cavalier 106 k Great little car
/,2002 Chevy Cavalier 106 k Great little car
/,2002 Chevy Cavalier 106 k Great little car
/,2002 Chevy Cavalier 106 k Great little car
/,2002 Chevy Cavalier 106 k Great little car
/,2002 Chevy Cavalier 106 k Great little car
/,2002 Chevy Cavalier 106 k Great little car
/,2002 Chevy Cavalier 106 k Great little car
/,2002 Chevy Cavalier 106 k Great little car
/,2002 Chevy Cavalier 106 k Great little car
/,2002 Chevy Cavalier 106 k Great little car
/,2002 Chevy Cavalier 106 k Great little car
/,2002 Chevy Cavalier 106 k Great little car
/,2002 Chevy Cavalier 106 k Great little car
/,2002 Chevy Cavalier 106 k Great little car
/,2002 Chevy Cavalier 106 k Great little car
/,2002 Chevy Cavalier 106 k Great little car
/,2002 Chevy Cavalier 106 k Great little car
/,2002 Chevy Cavalier 106 k Great little car
/,2002 Chevy Cavalier 106 k Great little car
/,2002 Chevy Cavalier 106 k Great little car
/,2002 Chevy Cavalier 106 k Great little car
/,2002 Chevy Cavalier 106 k Great little car
/,2002 Chevy Cavalier 106 k Great little car
/,2002 Chevy Cavalier 106 k Great little car
/,2002 Chevy Cavalier 106 k Great little car
/,2002 Chevy Cavalier 106 k Great little car
/,2002 Chevy Cavalier 106 k Great little car
/,2002 Chevy Cavalier 106 k Great little car
/,2002 Chevy Cavalier 106 k Great little car
/,2002 Chevy Cavalier 106 k Great little car
/,2002 Chevy Cavalier 106 k Great little car
/,2002 Chevy Cavalier 106 k Great little car
/,2002 Chevy Cavalier 106 k Great little car
/,2002 Chevy Cavalier 106 k Great little car
/,2002 Chevy Cavalier 106 k Great little car
/,2002 Chevy Cavalier 106 k Great little car
/,2002 Chevy Cavalier 106 k Great little car
/,2002 Chevy Cavalier 106 k Great little car
/,2002 Chevy Cavalier 106 k Great little car
/,2002 Chevy Cavalier 106 k Great little car
/,2002 Chevy Cavalier 106 k Great little car
/,2002 Chevy Cavalier 106 k Great little car
/,2002 Chevy Cavalier 106 k Great little car
/,2002 Chevy Cavalier 106 k Great little car
/,2002 Chevy Cavalier 106 k Great little car
/,2002 Chevy Cavalier 106 k Great little car
/,2002 Chevy Cavalier 106 k Great little car
/,2002 Chevy Cavalier 106 k Great little car
/,2002 Chevy Cavalier 106 k Great little car
/,2002 Chevy Cavalier 106 k Great little car
/,2002 Chevy Cavalier 106 k Great little car
/,2002 Chevy Cavalier 106 k Great little car
/,2002 Chevy Cavalier 106 k Great little car
/,2002 Chevy Cavalier 106 k Great little car
/,2002 Chevy Cavalier 106 k Great little car
/,2002 Chevy Cavalier 106 k Great little car
/,2002 Chevy Cavalier 106 k Great little car
/,2002 Chevy Cavalier 106 k Great little car
/,2002 Chevy Cavalier 106 k Great little car
/,2002 Chevy Cavalier 106 k Great little car
/,2002 Chevy Cavalier 106 k Great little car
/,2002 Chevy Cavalier 106 k Great little car
/,2002 Chevy Cavalier 106 k Great little car
/,2002 Chevy Cavalier 106 k Great little car
/,2002 Chevy Cavalier 106 k Great little car
/,2002 Chevy Cavalier 106 k Great little car
/,2002 Chevy Cavalier 106 k Great little car
/,2002 Chevy Cavalier 106 k Great little car
/,2002 Chevy Cavalier 106 k Great little car
/,2002 Chevy Cavalier 106 k Great little car
/,2002 Chevy Cavalier 106 k Great little car
/,2002 Chevy Cavalier 106 k Great little car
/,2002 Chevy Cavalier 106 k Great little car
/,2002 Chevy Cavalier 106 k Great little car
/,2002 Chevy Cavalier 106 k Great little car
/,2002 Chevy Cavalier 106 k Great little car
/,2002 Chevy Cavalier 106 k Great little car
/,2002 Chevy Cavalier 106 k Great little car
/,2002 Chevy Cavalier 106 k Great little car
/,2002 Chevy Cavalier 106 k Great little car
/,2002 Chevy Cavalier 106 k Great little car
/,2002 Chevy Cavalier 106 k Great little car
/,2002 Chevy Cavalier 106 k Great little car
/,2002 Chevy Cavalier 106 k Great little car
/,2002 Chevy Cavalier 106 k Great little car
/,2002 Chevy Cavalier 106 k Great little car
/,2002 Chevy Cavalier 106 k Great little car
/,2002 Chevy Cavalier 106 k Great little car
/,2002 Chevy Cavalier 106 k Great little car
/,2002 Chevy Cavalier 106 k Great little car
/,2002 Chevy Cavalier 106 k Great little car
/,2002 Chevy Cavalier 106 k Great little car
/,2002 Chevy Cavalier 106 k Great little car
/,2002 Chevy Cavalier 106 k Great little car
/,2002 Chevy Cavalier 106 k Great little car
/,2002 Chevy Cavalier 106 k Great little car
/,2002 Chevy Cavalier 106 k Great little car
/,2002 Chevy Cavalier 106 k Great little car
/,2002 Chevy Cavalier 106 k Great little car
/,2002 Chevy Cavalier 106 k Great little car
/,2002 Chevy Cavalier 106 k Great little car
/,2002 Chevy Cavalier 106 k Great little car
/,2002 Chevy Cavalier 106 k Great little car
/,2002 Chevy Cavalier 106 k Great little car
/,2002 Chevy Cavalier 106 k Great little car
/,2002 Chevy Cavalier 106 k Great little car
/,2002 Chevy Cavalier 106 k Great little car
/,2002 Chevy Cavalier 106 k Great little car
/,2002 Chevy Cavalier 106 k Great little car
/,2002 Chevy Cavalier 106 k Great little car
/,2002 Chevy Cavalier 106 k Great little car
/,2002 Chevy Cavalier 106 k Great little car
/,2002 Chevy Cavalier 106 k Great little car
/,2002 Chevy Cavalier 106 k Great little car
/,2002 Chevy Cavalier 106 k Great little car
/,2002 Chevy Cavalier 106 k Great little car
/,2002 Chevy Cavalier 106 k Great little car
/,2002 Chevy Cavalier 106 k Great little car
/,2002 Chevy Cavalier 106 k Great little car
/,2002 Chevy Cavalier 106 k Great little car
/,2002 Chevy Cavalier 106 k Great little car
/,2002 Chevy Cavalier 106 k Great little car
/,2002 Chevy Cavalier 106 k Great little car
/,2002 Chevy Cavalier 106 k Great little car
/,2002 Chevy Cavalier 106 k Great little car
/,2002 Chevy Cavalier 106 k Great little car
/,2002 Chevy Cavalier 106 k Great little car
/,2002 Chevy Cavalier 106 k Great little car
/,2002 Chevy Cavalier 106 k Great little car
/,2002 Chevy Cavalier 106 k Great little car
/,2002 Chevy Cavalier 106 k Great little car
/,2002 Chevy Cavalier 106 k Great little car
/,2002 Chevy Cavalier 106 k Great little car
/,2002 Chevy Cavalier 106 k Great little car
/,2002 Chevy Cavalier 106 k Great little car
/,2002 Chevy Cavalier 106 k Great little car
/,2002 Chevy Cavalier 106 k Great little car
/,2002 Chevy Cavalier 106 k Great little car
/,2002 Chevy Cavalier 106 k Great little car
/,2002 Chevy Cavalier 106 k Great little car
/,2002 Chevy Cavalier 106 k Great little car
/,2002 Chevy Cavalier 106 k Great little car
/,2002 Chevy Cavalier 106 k Great little car
/,2002 Chevy Cavalier 106 k Great little car
/,2002 Chevy Cavalier 106 k Great little car
/,2002 Chevy Cavalier 106 k Great little car
/,2002 Chevy Cavalier 106 k Great little car
/,2002 Chevy Cavalier 106 k Great little car
/,2002 Chevy Cavalier 106 k Great little car
